-- Migration Script for Neon DB

-- 1. Asset History
INSERT INTO asset_history (total_amount, recorded_date) VALUES (81185947, '2025-06-07');
INSERT INTO asset_history (total_amount, recorded_date) VALUES (104109839, '2025-06-28');
INSERT INTO asset_history (total_amount, recorded_date) VALUES (110492941, '2025-07-26');
INSERT INTO asset_history (total_amount, recorded_date) VALUES (117890763, '2025-08-27');
INSERT INTO asset_history (total_amount, recorded_date) VALUES (129675368, '2025-09-25');
INSERT INTO asset_history (total_amount, recorded_date) VALUES (168709554, '2025-10-26');
INSERT INTO asset_history (total_amount, recorded_date) VALUES (181290505, '2025-11-27');
INSERT INTO asset_history (total_amount, recorded_date) VALUES (713359682, '2025-12-25');
INSERT INTO asset_history (total_amount, recorded_date) VALUES (714584784, '2026-01-26');

-- 2. Assets and Asset Item History
INSERT INTO asset (id, name, amount, previous_amount, category, platform, description, created_at) VALUES (1, '카카오페이증권-주식', 33776919, 0, 'STOCK', '카카오페이증권', '', '2026-01-26 00:00:00');
INSERT INTO asset_item_history (asset_id, amount, recorded_date) VALUES (1, 33776919, '2026-01-26');
INSERT INTO asset (id, name, amount, previous_amount, category, platform, description, created_at) VALUES (2, '카카오페이증권-연금저축', 7001081, 0, 'STOCK', '카카오페이증권', '', '2026-01-26 00:00:00');
INSERT INTO asset_item_history (asset_id, amount, recorded_date) VALUES (2, 7001081, '2026-01-26');
INSERT INTO asset (id, name, amount, previous_amount, category, platform, description, created_at) VALUES (3, '토스증권-주식', 1684600, 0, 'STOCK', '토스증권', '', '2026-01-26 00:00:00');
INSERT INTO asset_item_history (asset_id, amount, recorded_date) VALUES (3, 1684600, '2026-01-26');
INSERT INTO asset (id, name, amount, previous_amount, category, platform, description, created_at) VALUES (4, '키움증권-주식', 5809177, 0, 'STOCK', '키움증권', '', '2026-01-26 00:00:00');
INSERT INTO asset_item_history (asset_id, amount, recorded_date) VALUES (4, 5809177, '2026-01-26');
INSERT INTO asset (id, name, amount, previous_amount, category, platform, description, created_at) VALUES (5, '삼성증권-ISA', 25785021, 0, 'STOCK', '삼성증권', '', '2026-01-26 00:00:00');
INSERT INTO asset_item_history (asset_id, amount, recorded_date) VALUES (5, 25785021, '2026-01-26');
INSERT INTO asset (id, name, amount, previous_amount, category, platform, description, created_at) VALUES (6, '여편네 토스', 89300, 0, 'STOCK', '여편네 토스', '', '2026-01-26 00:00:00');
INSERT INTO asset_item_history (asset_id, amount, recorded_date) VALUES (6, 89300, '2026-01-26');
INSERT INTO asset (id, name, amount, previous_amount, category, platform, description, created_at) VALUES (7, '여편네 대신', 27700000, 0, 'STOCK', '', '', '2026-01-26 00:00:00');
INSERT INTO asset_item_history (asset_id, amount, recorded_date) VALUES (7, 27700000, '2026-01-26');
INSERT INTO asset (id, name, amount, previous_amount, category, platform, description, created_at) VALUES (8, '새마을금고_수정_26/07/07', 4007988, 0, 'SAVINGS', '', '3.25%', '2026-01-26 00:00:00');
INSERT INTO asset_item_history (asset_id, amount, recorded_date) VALUES (8, 4007988, '2026-01-26');
INSERT INTO asset (id, name, amount, previous_amount, category, platform, description, created_at) VALUES (9, '새마을금고_수정_26/07/09', 6000000, 0, 'SAVINGS', '', '3.25%', '2026-01-26 00:00:00');
INSERT INTO asset_item_history (asset_id, amount, recorded_date) VALUES (9, 6000000, '2026-01-26');
INSERT INTO asset (id, name, amount, previous_amount, category, platform, description, created_at) VALUES (10, '한국투자증권 발행어음 적립식_26/06/07', 16221765, 0, 'INSTALLMENT', '한국투자증권 발행어음 적립식_26/06/07', '월 200 / 만기 수익률 4.45 / 매달 21일', '2026-01-26 00:00:00');
INSERT INTO asset_item_history (asset_id, amount, recorded_date) VALUES (10, 16221765, '2026-01-26');
INSERT INTO asset (id, name, amount, previous_amount, category, platform, description, created_at) VALUES (11, '업비트', 7844063, 0, 'CRYPTO', '', '', '2026-01-26 00:00:00');
INSERT INTO asset_item_history (asset_id, amount, recorded_date) VALUES (11, 7844063, '2026-01-26');
INSERT INTO asset (id, name, amount, previous_amount, category, platform, description, created_at) VALUES (12, '빗썸', 2704000, 0, 'CRYPTO', '', '', '2026-01-26 00:00:00');
INSERT INTO asset_item_history (asset_id, amount, recorded_date) VALUES (12, 2704000, '2026-01-26');
INSERT INTO asset (id, name, amount, previous_amount, category, platform, description, created_at) VALUES (13, 'binance', 24382512, 0, 'CRYPTO', '', '16632 / 테더 1466', '2026-01-26 00:00:00');
INSERT INTO asset_item_history (asset_id, amount, recorded_date) VALUES (13, 24382512, '2026-01-26');
INSERT INTO asset (id, name, amount, previous_amount, category, platform, description, created_at) VALUES (14, 'bitget', 1957110, 0, 'CRYPTO', '', '1335', '2026-01-26 00:00:00');
INSERT INTO asset_item_history (asset_id, amount, recorded_date) VALUES (14, 1957110, '2026-01-26');
INSERT INTO asset (id, name, amount, previous_amount, category, platform, description, created_at) VALUES (15, 'okx', 3943540, 0, 'CRYPTO', '', '2690', '2026-01-26 00:00:00');
INSERT INTO asset_item_history (asset_id, amount, recorded_date) VALUES (15, 3943540, '2026-01-26');
INSERT INTO asset (id, name, amount, previous_amount, category, platform, description, created_at) VALUES (16, 'bybit', 674360, 0, 'CRYPTO', '', '460', '2026-01-26 00:00:00');
INSERT INTO asset_item_history (asset_id, amount, recorded_date) VALUES (16, 674360, '2026-01-26');
INSERT INTO asset (id, name, amount, previous_amount, category, platform, description, created_at) VALUES (17, 'Gate', 2313348, 0, 'CRYPTO', '', '1578', '2026-01-26 00:00:00');
INSERT INTO asset_item_history (asset_id, amount, recorded_date) VALUES (17, 2313348, '2026-01-26');
INSERT INTO asset (id, name, amount, previous_amount, category, platform, description, created_at) VALUES (18, '동작금강KCC 전세보증금', 750000000, 0, 'REAL_ESTATE', '', '', '2026-01-26 00:00:00');
INSERT INTO asset_item_history (asset_id, amount, recorded_date) VALUES (18, 750000000, '2026-01-26');
INSERT INTO asset (id, name, amount, previous_amount, category, platform, description, created_at) VALUES (19, '광명 힐스테이트', 140588000, 0, 'REAL_ESTATE', '', '', '2026-01-26 00:00:00');
INSERT INTO asset_item_history (asset_id, amount, recorded_date) VALUES (19, 140588000, '2026-01-26');
INSERT INTO asset (id, name, amount, previous_amount, category, platform, description, created_at) VALUES (20, '장인어른', -129398000, 0, 'DEBT', '', '월 이자: 323,495', '2026-01-26 00:00:00');
INSERT INTO asset_item_history (asset_id, amount, recorded_date) VALUES (20, -129398000, '2026-01-26');
INSERT INTO asset (id, name, amount, previous_amount, category, platform, description, created_at) VALUES (21, '엄마', -14000000, 0, 'DEBT', '', '월 이자: 35,000', '2026-01-26 00:00:00');
INSERT INTO asset_item_history (asset_id, amount, recorded_date) VALUES (21, -14000000, '2026-01-26');
INSERT INTO asset (id, name, amount, previous_amount, category, platform, description, created_at) VALUES (22, '엄마', -20000000, 0, 'DEBT', '', '월 이자: 50,000 (갚지않아도 될 돈, 이자만 제공 )', '2026-01-26 00:00:00');
INSERT INTO asset_item_history (asset_id, amount, recorded_date) VALUES (22, -20000000, '2026-01-26');
INSERT INTO asset (id, name, amount, previous_amount, category, platform, description, created_at) VALUES (23, '전세대출', -200000000, 0, 'DEBT', '', '', '2026-01-26 00:00:00');
INSERT INTO asset_item_history (asset_id, amount, recorded_date) VALUES (23, -200000000, '2026-01-26');
INSERT INTO asset (id, name, amount, previous_amount, category, platform, description, created_at) VALUES (24, 'sc제일은행_이미만기', 4000000, 0, 'OTHER', 'sc제일은행_이미만기', '', '2026-01-26 00:00:00');
INSERT INTO asset_item_history (asset_id, amount, recorded_date) VALUES (24, 4000000, '2026-01-26');
INSERT INTO asset (id, name, amount, previous_amount, category, platform, description, created_at) VALUES (25, '삼성모니모', 2000000, 0, 'OTHER', '', '', '2026-01-26 00:00:00');
INSERT INTO asset_item_history (asset_id, amount, recorded_date) VALUES (25, 2000000, '2026-01-26');
INSERT INTO asset (id, name, amount, previous_amount, category, platform, description, created_at) VALUES (26, 'Npay머니우리통장', 2000000, 0, 'OTHER', '', '', '2026-01-26 00:00:00');
INSERT INTO asset_item_history (asset_id, amount, recorded_date) VALUES (26, 2000000, '2026-01-26');
INSERT INTO asset (id, name, amount, previous_amount, category, platform, description, created_at) VALUES (27, 'ok짠테크통장', 500000, 0, 'OTHER', '', '', '2026-01-26 00:00:00');
INSERT INTO asset_item_history (asset_id, amount, recorded_date) VALUES (27, 500000, '2026-01-26');
INSERT INTO asset (id, name, amount, previous_amount, category, platform, description, created_at) VALUES (28, '모임통장', 7000000, 0, 'OTHER', '', '', '2026-01-26 00:00:00');
INSERT INTO asset_item_history (asset_id, amount, recorded_date) VALUES (28, 7000000, '2026-01-26');
